Feature,Importance
Total System Load,0.4768787256830227
HHS Load Lag 1,0.11636756593776683
Load Lag 1,0.1116816322103745
Children in HHS Care,0.10238108533226266
Load Rolling Mean 7,0.1014556077057133
Load Lag 3,0.036213369905900746
Load Rolling Mean 14,0.01630949987034966
HHS Load Lag 3,0.013937795554171628
Load Rolling Mean 30,0.0059874350230867185
HHS Load Lag 7,0.005674916147764746
Load Lag 7,0.005518559462038102
Load Lag 14,0.0014264762016861614
HHS Load Lag 14,0.0011931495755043125
Month,0.0006459228779514241
Children in CBP custody,0.0005958719281887004
Load Rolling Std 30,0.000378407287173924
Week of Year,0.0003588883754935807
Children apprehended and placed in CBP custody*,0.00029520617637771707
Children transferred out of CBP custody,0.0002386359724147575
Net Intake Rolling Mean 30,0.0002383260614316898
Net Intake Rolling Mean 7,0.00018951553125817107
7-Day Net Intake,0.0001598384921602061
Children discharged from HHS Care,0.0001550492195205782
Net Intake Lag 14,0.00014736865266980534
Discharge Offset Ratio,0.00013238036134027124
Load Volatility 7D,0.00012807695499040137
Day,0.0001271430273944331
Net Intake Lag 3,0.00011495878485491486
Net Intake Pressure,0.000112934083581688
Load Rolling Std 7,0.00010965179233473829
Net Intake Lag 7,9.767872507359815e-05
Net Intake Rolling Mean 14,9.160639472920611e-05
14-Day Net Intake,8.696462667993717e-05
Transfer to CBP Ratio,8.497380048009634e-05
Load Volatility 14D,8.11826692125277e-05
Day of Week,7.749600179564183e-05
Net Intake Lag 1,7.722302109997285e-05
Load Rolling Std 14,7.697640607557485e-05
Daily Load Growth %,7.35296067658155e-05
Daily Load Change,6.18651215554449e-05
Quarter,2.4011391331990617e-05
Year,9.012618680777998e-06
Is Weekend,2.902992279829297e-06
Backlog Indicator,5.824354606317766e-07
