Date,Actual Load,Forecast Load,Forecast Error
2025-05-21,2529.0,2524.833589324658,4.166410675341922
2025-05-22,2509.0,2530.8721467933633,-21.8721467933633
2025-05-23,2512.8,2521.5019251836543,-8.701925183654112
2025-05-24,2516.6,2511.822352757714,4.777647242286093
2025-05-25,2520.4,2501.0229756989734,19.377024301026722
2025-05-26,2524.2,2510.2326215171283,13.967378482871482
2025-05-27,2528.0,2529.8625287370496,-1.8625287370496153
2025-05-28,2538.0,2541.692141496245,-3.692141496244858
2025-05-29,2544.0,2541.7505940629453,2.2494059370546893
2025-05-30,2546.6666666666665,2526.8863592997177,19.78030736694882
2025-05-31,2549.3333333333335,2512.1606173190125,37.17271601432094
2025-06-01,2552.0,2496.7261607644864,55.273839235513606
2025-06-02,2537.0,2501.680820088781,35.31917991121918
2025-06-03,2542.0,2517.4044769888797,24.59552301112035
2025-06-04,2532.0,2525.6455871484677,6.354412851532288
2025-06-05,2529.0,2522.4083376258163,6.59166237418367
2025-06-06,2527.0,2504.517311618125,22.48268838187505
2025-06-07,2525.0,2487.0117479383143,37.98825206168567
2025-06-08,2523.0,2469.0242878084423,53.975712191557705
2025-06-09,2537.0,2471.6342552050082,65.36574479499177
2025-06-10,2539.0,2485.204534643682,53.79546535631789
2025-06-11,2540.1428571428573,2491.4679709486627,48.67488619419464
2025-06-12,2541.285714285714,2486.414414970608,54.87129931510617
2025-06-13,2542.4285714285716,2466.8552832074133,75.57328822115824
2025-06-14,2543.5714285714284,2447.8177221033147,95.7537064681137
2025-06-15,2544.714285714286,2428.4232671829095,116.29101853137627
2025-06-16,2545.8571428571427,2429.741042889753,116.1160999673898
2025-06-17,2547.0,2442.1245664326407,104.87543356735932
2025-06-18,2533.5,2447.298079649905,86.20192035009495
2025-06-19,2520.0,2441.2435323632876,78.75646763671239
2025-06-20,2520.3333333333335,2420.7650847225686,99.56824861076484
2025-06-21,2520.6666666666665,2400.883218902296,119.78344776437052
2025-06-22,2521.0,2380.713349925437,140.2866500745631
2025-06-23,2510.0,2381.318981133466,128.68101886653403
2025-06-24,2509.0,2393.048467284369,115.95153271563095
2025-06-25,2482.0,2397.6213089934963,84.37869100650369
2025-06-26,2456.0,2391.015101717543,64.98489828245692
2025-06-27,2447.3333333333335,2370.0300065336805,77.30332679965295
2025-06-28,2438.6666666666665,2349.68283284636,88.9838338203067
2025-06-29,2430.0,2329.0856225864595,100.91437741354048
2025-06-30,2429.0,2329.2987812292818,99.70121877071824
2025-07-01,2405.0,2340.6678184356224,64.3321815643776
2025-07-02,2393.0,2344.9096218680547,48.09037813194527
2025-07-03,2382.0,2337.9993872331916,44.000612766808445
2025-07-04,2371.0,2316.7350716646392,54.264928335360764
2025-07-05,2360.0,2296.131460453059,63.868539546941065
2025-07-06,2349.0,2275.2987365721824,73.7012634278176
2025-07-07,2335.0,2275.2955982209296,59.704401779070395
2025-07-08,2322.0,2286.4659870881565,35.53401291184355
2025-07-09,2299.0,2290.525350802452,8.474649197547933
2025-07-10,2264.0,2283.4475625353653,-19.44756253536525
2025-07-11,2248.3333333333335,2262.0293647970852,-13.696031463751751
2025-07-12,2232.6666666666665,2241.2844273615024,-8.617760694835852
2025-07-13,2217.0,2220.3219087056614,-3.3219087056613716
2025-07-14,2190.0,2220.1995661251376,-30.199566125137608
2025-07-15,2179.0,2231.260477178022,-52.26047717802203
2025-07-16,2173.0,2235.2192958704973,-62.21929587049726
2025-07-17,2169.0,2228.0491665069644,-59.04916650696441
2025-07-18,2161.5,2206.546162202049,-45.04616220204889
2025-07-19,2154.0,2185.723337953105,-31.723337953104874
2025-07-20,2146.5,2164.689287623052,-18.189287623052223
2025-07-21,2139.0,2164.501249962775,-25.50124996277509
2025-07-22,2130.0,2175.501826296091,-45.50182629609117
2025-07-23,2132.0,2179.405233253029,-47.40523325302911
2025-07-24,2114.0,2172.1842134493445,-58.1842134493445
2025-07-25,2109.3333333333335,2150.63447108662,-41.30113775328664
2025-07-26,2104.6666666666665,2129.7687223504595,-25.10205568379297
2025-07-27,2100.0,2108.6952499372233,-8.695249937223252
2025-07-28,2089.0,2108.4710068207282,-19.471006820728235
2025-07-29,2080.0,2119.438331865577,-39.438331865576856
2025-07-30,2078.0,2123.311200657823,-45.311200657823065
2025-07-31,2067.0,2116.06213443712,-49.06213443712022
2025-08-01,2069.6666666666665,2094.4866340920325,-24.81996742536603
2025-08-02,2072.3333333333335,2073.597229084376,-1.2638957510425826
2025-08-03,2075.0,2052.502030622369,22.497969377630852
2025-08-04,2062.0,2052.257834184182,9.742165815818225
2025-08-05,2063.0,2063.206833989557,-0.20683398955679877
2025-08-06,2053.0,2067.062872781918,-14.062872781918031
2025-08-07,2049.0,2059.798349797524,-10.798349797524224
2025-08-08,2040.6666666666667,2038.2086538763563,2.4580127903104767
2025-08-09,2032.3333333333333,2017.3062115742007,15.02712175913257
2025-08-10,2024.0,1996.1990395898156,27.800960410184416
2025-08-11,2022.0,1995.943846603369,26.05615339663109
2025-08-12,2037.0,2006.8827471188433,30.117252881156674
2025-08-13,2019.0,2010.7295106682752,8.270489331724775
2025-08-14,2021.0,2003.4564692501851,17.543530749814863
2025-08-15,2015.6666666666667,1981.8589499530478,33.8077167136189
2025-08-16,2010.3333333333333,1960.9493226197308,49.38401071360249
2025-08-17,2005.0,1939.8355518635374,65.16444813646262
2025-08-18,2005.0,1939.5742985290703,65.42570147092965
2025-08-19,2015.0,1950.5076331878674,64.49236681213256
2025-08-20,2021.0,1954.349285024169,66.65071497583108
2025-08-21,2021.0,1947.0715489808586,73.92845101914145
2025-08-22,2014.6666666666667,1925.469718114313,89.19694855235366
2025-08-23,2008.3333333333333,1904.5561310121345,103.77720232119873
2025-08-24,2002.0,1883.4387235826212,118.56127641737885
2025-08-25,2010.0,1883.1741303075412,126.82586969245881
2025-08-26,2010.0,1894.1043975466623,115.89560245333769
2025-08-27,2007.0,1897.9432322480027,109.05676775199731
2025-08-28,2017.0,1890.6629089325784,126.33709106742162
2025-08-29,2022.5,1869.0587019012116,153.44129809878837
2025-08-30,2028.0,1848.1429325163012,179.85706748369876
2025-08-31,2033.5,1827.0235208664235,206.4764791335765
2025-09-01,2039.0,1826.7570869044293,212.24291309557066
2025-09-02,2055.0,1837.685663646649,217.3143363533511
2025-09-03,2048.0,1841.5229457864143,206.4770542135857
2025-09-04,2055.0,1834.2411965899717,220.75880341002835
2025-09-05,2051.6666666666665,1812.6356800217002,239.03098664496633
2025-09-06,2048.3333333333335,1791.7187079509536,256.6146253823799
2025-09-07,2045.0,1770.598191747844,274.4018082521559
2025-09-08,2050.0,1770.3307433581374,279.6692566418626
2025-09-09,2065.0,1781.2583884444127,283.74161155558727
2025-09-10,2072.0,1785.0948149462774,286.90518505372256
2025-09-11,2085.0,1777.8122799273199,307.1877200726801
2025-09-12,2097.3333333333335,1756.2060416553645,341.12729167796897
2025-09-13,2109.6666666666665,1735.2884067680181,374.37825989864837
2025-09-14,2122.0,1714.1672818305285,407.8327181694715
2025-09-15,2133.0,1713.8992743758467,419.10072562415326
2025-09-16,2123.0,1724.8264060137994,398.17359398620056
2025-09-17,2134.0,1728.662360961924,405.3376390380761
2025-09-18,2148.0,1721.3793928654393,426.6206071345607
2025-09-19,2155.0,1699.7727568527212,455.22724314727884
2025-09-20,2162.0,1678.8547566780892,483.1452433219108
2025-09-21,2169.0,1657.7332962587639,511.26670374123614
2025-09-22,2181.0,1657.4649806957343,523.5350193042657
2025-09-23,2181.0,1668.3918293652998,512.6081706347002
2025-09-24,2176.0,1672.2275244337143,503.7724755662857
2025-09-25,2167.0,1664.9443176622865,502.0556823377135
2025-09-26,2169.6666666666665,1643.3374624491987,526.3292042174678
2025-09-27,2172.3333333333335,1622.4192609597515,549.914072373582
2025-09-28,2175.0,1601.2976156518018,573.7023843481982
2025-09-29,2183.0,1601.0291302860512,581.9708697139488
2025-09-30,2191.0,1611.9558230078717,579.0441769921283
2025-10-01,2196.0,1615.7913748530264,580.2086251469736
2025-10-02,2215.0,1608.5080365445756,606.4919634554244
2025-10-03,2212.6666666666665,1586.9010605271685,625.765606139498
2025-10-04,2210.3333333333335,1565.9827480903755,644.350585242958
2025-10-05,2208.0,1544.8610008877783,663.1389991122217
2025-10-06,2220.0,1544.5924219414278,675.4075780585722
2025-10-07,2234.0,1555.5190287183148,678.4809712816852
2025-10-08,2241.0,1559.354501631174,681.6454983688261
2025-10-09,2247.0,1552.0710908308722,694.9289091691278
2025-10-10,2247.0,1530.464048236554,716.5359517634461
2025-10-11,2247.0,1509.5456746551624,737.4543253448376
2025-10-12,2247.0,1488.4238712970325,758.5761287029675
2025-10-13,2247.0,1488.1552407771344,758.8447592228656
2025-10-14,2265.0,1499.0818001885941,765.9181998114059
2025-10-15,2254.0,1502.9172296007864,751.0827703992136
2025-10-16,2266.0,1495.6337788492353,770.3662211507647
2025-10-17,2267.6666666666665,1474.0266995634715,793.639967103195
2025-10-18,2269.3333333333335,1453.1082922844564,816.2250410488771
2025-10-19,2271.0,1431.9864579782452,839.0135420217548
2025-10-20,2282.0,1431.7177990354605,850.2822009645395
2025-10-21,2290.0,1442.644332343186,847.3556676568139
2025-10-22,2303.0,1446.4797377815664,856.5202622184336
2025-10-23,2293.0,1439.1962650123357,853.8037349876643
2025-10-24,2299.0,1417.589165505415,881.4108344945851
2025-10-25,2305.0,1396.6707396551787,908.3292603448213
2025-10-26,2311.0,1375.548888293057,935.451111706943
2025-10-27,2313.0,1375.2802136860307,937.7197863139693
2025-10-28,2308.0,1386.2067326076317,921.7932673923683
2025-10-29,2305.0,1390.0421248337166,914.9578751662834
2025-10-30,2304.0,1382.7586399302415,921.2413600697585
2025-10-31,2302.0,1361.1515292791646,940.8484707208354
2025-11-01,2300.0,1340.2330931940749,959.7669068059251
2025-11-02,2298.0,1319.1112324322075,978.8887675677925
2025-11-03,2297.0,1318.8425491924038,978.1574508075962
2025-11-04,2303.0,1329.7690601856145,973.2309398143855
2025-11-05,2313.0,1333.6044451302232,979.3955548697768
2025-11-06,2297.0,1326.3209535394003,970.6790464605997
2025-11-07,2307.0,1304.7138367466266,1002.2861632533734
2025-11-08,2317.0,1283.7953950209692,1033.2046049790308
2025-11-09,2327.0,1262.6735290787738,1064.3264709212262
2025-11-10,2330.0,1262.4048410813286,1067.5951589186714
2025-11-11,2333.0,1273.3313477050956,1059.6686522949044
2025-11-12,2350.0,1277.1667286367829,1072.8332713632171
2025-11-13,2343.0,1269.8832333604714,1073.1167666395286
2025-11-14,2349.3333333333335,1248.2761131829247,1101.0572201504087
2025-11-15,2355.6666666666665,1227.3576683486733,1128.3089983179932
2025-11-16,2362.0,1206.2357995515283,1155.7642004484717
2025-11-17,2378.0,1205.9671089320816,1172.0328910679184
2025-11-18,2383.0,1216.8936131477883,1166.1063868522117
2025-11-19,2372.0,1220.7289918678998,1151.2710081321002
2025-11-20,2397.0,1213.4454945604652,1183.5545054395348
2025-11-21,2405.0,1191.8383725175242,1213.1616274824758
2025-11-22,2413.0,1170.9199259700843,1242.0800740299157
2025-11-23,2421.0,1149.7980555995375,1271.2019444004625
2025-11-24,2411.0,1149.5293635350702,1261.4706364649298
2025-11-25,2422.0,1160.4558664236617,1261.5441335763383
2025-11-26,2417.5,1164.2912439249437,1253.2087560750563
2025-11-27,2413.0,1157.0077454981295,1255.9922545018705
2025-11-28,2419.6666666666665,1135.4006224271438,1284.2660442395227
2025-11-29,2426.3333333333335,1114.4821749355422,1311.8511583977913
2025-11-30,2433.0,1093.3603036978723,1339.6396963021277
2025-12-01,2436.0,1093.0916108370343,1342.9083891629657
2025-12-02,2441.0,1104.0181129942348,1336.9818870057652
2025-12-03,2451.0,1107.853489823803,1343.146510176197
2025-12-04,2457.0,1100.5699907800831,1356.4300092199169
2025-12-05,2455.6666666666665,1078.9628671425282,1376.7037995241383
2025-12-06,2454.3333333333335,1058.0444191305862,1396.2889142027473
2025-12-07,2453.0,1036.9225474150326,1416.0774525849674
2025-12-08,2467.0,1036.6538541153038,1430.3461458846962
2025-12-09,2473.0,1047.5803558694247,1425.4196441305753
2025-12-10,2493.0,1051.4157323288025,1441.5842676711975
2025-12-11,2484.0,1044.1322329450975,1439.8677670549025
2025-12-12,2488.3333333333335,1022.5251089952984,1465.808224338035
2025-12-13,2492.6666666666665,1001.6066606965896,1491.0600059700769
2025-12-14,2497.0,980.484788717668,1516.515211282332
2025-12-15,2512.0,980.2160951760605,1531.7839048239393
2025-12-16,2522.0,991.1425967080386,1530.8574032919614
2025-12-17,2512.0,994.9779729633992,1517.0220270366008
2025-12-18,2522.0,987.694473392324,1534.305526607676
2025-12-19,2515.3333333333335,966.0873492704428,1549.2459840628908
2025-12-20,2508.6666666666665,945.168900813693,1563.4977658529735
2025-12-21,2502.0,924.0470286896256,1577.9529713103743
