Feature,Mean Absolute SHAP
Total System Load,1335.1851893563714
HHS Load Lag 1,304.1898279182379
Load Lag 1,300.9101184645425
Load Rolling Mean 7,270.2575365667536
Children in HHS Care,231.4106814041983
Load Lag 3,106.27727998485132
Load Rolling Mean 14,57.41636823668404
HHS Load Lag 3,50.78127302438588
Load Rolling Mean 30,29.13893183650981
HHS Load Lag 7,25.44338505337819
Load Lag 7,25.233836769840437
Load Lag 14,14.324227983772314
HHS Load Lag 14,10.722898098674527
Children in CBP custody,6.618033767948283
Load Rolling Std 30,4.882182672827657
Children discharged from HHS Care,4.822559161376893
Day of Week,4.124886361914059
Discharge Offset Ratio,4.085404916912634
Children transferred out of CBP custody,3.7959980305965746
Children apprehended and placed in CBP custody*,3.3836596993925405
Net Intake Rolling Mean 30,3.1775224449598496
Week of Year,2.880781136230363
Month,2.5025677701888247
Daily Load Growth %,2.3322000880770766
Net Intake Lag 14,2.2450794543093364
Net Intake Lag 3,2.2415075551641443
Net Intake Pressure,2.2323172739561192
Net Intake Rolling Mean 7,2.0851987979616995
7-Day Net Intake,1.849449686346148
Daily Load Change,1.8222766679850566
Day,1.61244757717609
14-Day Net Intake,1.5158970281691277
Net Intake Rolling Mean 14,1.3863559190950232
Load Volatility 7D,1.318412145551375
Net Intake Lag 7,1.2753034308364546
Load Volatility 14D,1.2552458398109672
Transfer to CBP Ratio,1.2458621562005543
Net Intake Lag 1,1.236804295369562
Load Rolling Std 7,1.2194097248860711
Load Rolling Std 14,1.0630871213792852
Year,0.6861047437764041
Quarter,0.5824858865787619
Is Weekend,0.16613899436549737
Backlog Indicator,0.029217647633477912
